mode,val_auroc,test_auroc,test_auprc,test_f1,test_precision,test_recall
no_gnn,0.8500494888074964,0.8507101749192459,0.8941853301274962,0.7713729977104937,0.8412747722835925,0.7132530056345564
no_ppi,0.8539177159624498,0.8544478860450357,0.8965141688068098,0.7754958796214351,0.8427897021456495,0.719611556363551
full,0.8533176063344804,0.8535597180114267,0.8956331742504194,0.771213084300624,0.848120676156522,0.7085077670572848
