mode,val_auroc,test_auroc,test_auprc,test_f1,test_precision,test_recall
no_gnn,0.8352734505989334,0.8321895565583046,0.9318205384115312,0.7873780099932376,0.9017364744630976,0.699215543779625
no_ppi,0.8462994069715913,0.8449027296363354,0.9378652840082905,0.8164711654700412,0.8937656249112884,0.7520346364375468
full,0.8468862487364254,0.8446073229163659,0.9376714435622153,0.8177374707167434,0.892658737870797,0.7547385235376266
