method,sufficiency,necessity,fidelity_plus,fidelity_minus,sparsity,path_connected_strict_pct,avg_hop_dist_strict,path_connected_lenient_pct,avg_hop_dist_lenient,num_evaluated
attention,0.7421999853849411,0.004384631746521772,0.004384631746521772,0.08974015533458442,0.9994463275444212,9.0,2.2222222222222223,0.0,-1.0,100
gnnexplainer,0.7355999861657619,-1.955726030070465e-05,-1.955726030070465e-05,0.10114706361899152,0.9999644140801274,0.0,-1.0,0.0,-1.0,100
pgexplainer,0.7479999843984843,-0.004547089831184987,-0.004547089831184987,0.14960689559404272,0.9996547833874473,5.0,2.0,0.0,-1.0,100
kec,0.6627999880909919,0.03712352795759216,0.03712352795759216,0.20787115524944966,0.9948734915990797,2.0,2.5,40.0,3.6,100
