method,sufficiency,necessity,num_evaluated
attention,1.0,1.192092957680302e-09,5
gnnexplainer,1.0,1.192092957680302e-09,5
pgexplainer,1.0,1.192092957680302e-09,5
kec,1.0,1.192092957680302e-09,5
