method,sufficiency,necessity,fidelity_plus,fidelity_minus,sparsity,num_evaluated
attention,1.0,0.0,0.0,0.0,0.0008764241893076251,10
gnnexplainer,1.0,0.0,0.0,0.0,0.0008764241893076251,10
pgexplainer,1.0,0.0,0.0,0.0,0.0008764241893076251,10
kec,1.0,0.0,0.0,0.0,0.00043821209465381256,10
