method,sufficiency,necessity,num_evaluated
attention,0.726000010445714,0.0055445117424406465,100
gnnexplainer,0.7280000105500222,0.0004192594516796544,100
pgexplainer,0.7150000089406967,0.06476108119030076,100
kec,0.6840000093728303,0.10055755692301319,100
