method,sufficiency,necessity,fidelity_plus,fidelity_minus,sparsity,num_evaluated
attention,1.0,0.0,0.0,0.0,0.08298755186721993,10
gnnexplainer,1.0,0.0,0.0,0.0,0.08298755186721993,10
pgexplainer,1.0,0.0,0.0,0.0,0.08298755186721993,10
kec,1.0,0.0,0.0,0.0,0.033195020746887974,10
